"種別","場所","内容","日付","受信日時","メール本文"
"発生","直方市","ニセ電話詐欺事件","平成２６年７月上旬ころ","2014-09-29 19:26:38","平成２６年７月上旬ころ、直方市の女性宅に警察官や銀行員を名乗る男から「銀行のコンピュータがウィルスに感染して遠隔操作された」「あなたもターゲットになっている」「お金を下ろして郵便局に送ってくれ」等と電話があり、５回に亘り合計２，８００万円をだまし取られるニセ電話詐欺事件が発生しています。●このような電話はすべてニセ電話詐欺です。すぐに１１０番通報してください。

配信者：福岡県警察本部生活安全総務課
お問い合わせ・情報提供先
092-641-4141
"
"発生","小倉南区","ニセ電話詐欺未遂","平成２６年９月２５日","2014-09-30 15:28:34","平成２６年９月２５日、北九州市小倉南区の女性に男から「あなたの名前が株購入者名簿に載っている」「２００万円支払えば名簿から名前を消すことができる」「現金をゆうパックで送れ」等と電話があり、２００万円をだまし取られそうになる事件が発生しています。●このような電話はすべて詐欺です。すぐに１１０番通報してください。

配信者：福岡県警察本部生活安全総務課
お問い合わせ・情報提供先
092-641-4141
"
"発生","城南区別府３丁目路上","声かけ事案","９月３０日午後４時ころ","2014-09-30 18:34:42","９月３０日午後４時ころ、城南区別府３丁目付近路上で、女児が３０歳くらいの男から「一緒に帰ろう」と声を掛けられ、その後、つきまとわれる事案が発生しました。●危険を感じたら、大声を出しましょう。●防犯ブザーを活用しましょう。

配信者：早良警察署
お問い合わせ・情報提供先
092-847-0110
"
"発生","西区橋本１丁目","公然わいせつ事案","１０月１日午後８時ころ","2014-10-02 09:02:46","１０月１日午後８時ころ、西区橋本１丁目付近で自転車に乗った男が、通行中の女性に近づき下半身を見せて逃走するという事案が発生しました。犯人の男は黒色のTシャツ、ベージュ色のズボンを着用していました。●危険を感じたら大声を出す。●防犯ブザーを活用するなどしましょう。●目撃情報等あれば通報をお願いします。

配信者：西警察署
お問い合わせ・情報提供先
092-805-6110
"
"発生","南区平和２丁目","痴漢事案","１０月１日午前２時ころ","2014-10-02 09:23:24","　１０月１日午前２時ころ、南区平和２丁目付近で、男が女性の身体を触って逃げるという事案が発生しました。犯人は、年齢２０歳位、身長１６０センチメートル位、黒色短髪、赤色半袖シャツ、赤色ハーフパンツを着用した男でした。●夜間はなるべく明るく人通りの多い道を選んで通る。●不審者を見て危険を感じたら大声を出したり防犯ブザーを活用したりして逃げる。●犯人の特徴を出来るだけ思い出し、すぐに１１０番通報して下さい。

配信者：南警察署
お問い合わせ・情報提供先
092-542-0110
"
"発生","中央区薬院３丁目","公然わいせつ","１０月２日午前３時ころ","2014-10-02 09:48:12","１０月２日午前３時ころ、中央区薬院３丁目の路上で、徒歩通行中の女性に男が「こんばんは、何をしているんですか」と声をかけ、下半身を露出するという事案が発生しました。●犯人は、年齢２０歳代、身長１７０センチくらい、上下灰色のスウェットを着用していました。●危険を感じたら大声を出す。●防犯ブザーを活用するなどしましょう。

配信者：中央警察署
お問い合わせ・情報提供先
092-734-0110
"
"発生","城南区七隈７丁目路上","公然わいせつ事案","平成２６年１０月２日午後８時ころ","2014-10-03 08:13:26","平成２６年１０月２日午後８時ころ、城南区七隈７丁目付近路上で、男が下半身を露出する事案が発生しました。男は、年齢３０歳位、黒色長髪真ん中分け、中肉、灰色Ｔシャツ、ベージュ色ズボンを着用していました。●危険を感じたら大声を出しましょう●防犯ブザーを活用しましょう

配信者：早良警察署
お問い合わせ・情報提供先
092-847-0110
"
"発生","東区松島１丁目","わいせつ事案","１０月２日午後１１時ころ","2014-10-03 10:01:13","　１０月２日午後１１時ころ、東区松島１丁目で、徒歩帰宅中の女性が男から体を触られる事件が発生しました。犯人は、年齢３０歳位、身長１６５センチ位、中肉、白色Ｔシャツ、水色ジーンズ、色不明スニーカーを着用しています。●深夜の一人歩きは避ける。●危険を感じたら大声を出す。●防犯ブザーを活用するなどしましょう。

配信者：東警察署
お問い合わせ・情報提供先
092-643-0110
"
"発生","東区郷口町","公然わいせつ","１０月３日午後３時ころ","2014-10-04 08:27:59","１０月３日午後３時ころ、東区郷口町付近で小学生女児に対し男が陰部を露出する事件が発生しました。犯人は２０歳前後位、中肉、黒色短髪の男で黒色Ｔシャツ、灰色長ズボンを着用しています。●防犯ブザーを活用する。●時々後ろを振り返って、警戒していることをアピールするなどしましょう。

配信者：東警察署
お問い合わせ・情報提供先
092-643-0110
"
"発生","福岡市中央区や東区","不審な電話","本日","2014-10-06 19:12:33","本日、福岡市中央区や東区で区役所職員等を名乗る男から「保険料の払い戻しがあります」「ＡＴＭに行ってください」等という不審な電話が計４件発生しています。●このような電話はすべてニセ電話詐欺です。すぐに１１０番通報してください。

配信者：福岡県警察本部生活安全総務課
お問い合わせ・情報提供先
092-641-4141
"
"発生","中央区六本松二丁目","不審者の目撃情報について","１０月６日午後４時ころ","2014-10-06 19:22:24","　１０月６日午後４時ころ、中央区六本松二丁目の路上で、通行中の小学生女児が、右手にカッターナイフの様な物を所持して歩いている男を目撃しています。
　男は年齢７０歳位、中肉、白髪頭、茶色ジャンパー、茶色シャツ、灰色ズボン、白色スニーカーを着用し、ストラップ付きのメガネを首から掛けています。
　目撃情報等あれば情報提供をお願いします。

配信者：中央警察署
お問い合わせ・情報提供先
092-734-0110
"
"発生","博多区住吉２丁目","ひったくり未遂","１０月６日午後１１時ころ","2014-10-07 08:55:06","１０月６日午後１１時ころ、博多区住吉２丁目で、徒歩で通行中の女性がハンドバッグをひったくられそうになる事件が発生しました。犯人は、原付バイクに乗った男２名で、赤色パーカーとフルフェイスのヘルメットを着用していました。被害に遭わないためにも●バッグは車道側と反対の方に持つ。●携帯電話を使用しながら歩かない。●時々振り返るなど後方にも気を配りましょう。

配信者：博多警察署
お問い合わせ・情報提供先
092-412-0110
"
"発生","早良区星","公然わいせつ事案","１０月７日午後７時ころ","2014-10-08 08:48:26","１０月７日午後７時ころ、早良区星の原団地付近路上で、男が下半身を露出する事案が発生しました。犯人は、年齢５０歳位、身長１６５センチ位、黒色坊主頭で、白色Ｔシャツを着用し走って逃走しました。●危険を感じたら、大声を出しましょう。●防犯ブザーを活用しましょう。

配信者：早良警察署
お問い合わせ・情報提供先
092-847-0110
"
"発生","早良区大字小笠木路上","つきまとい事案","１０月７日午後１１時ころ","2014-10-08 08:57:42","１０月７日午後１１時ころ、早良区大字小笠木付近路上で、女性が男からつきまとわれる事案が発生しました。犯人は、年齢３５歳から４５歳位、身長１６５センチ位、中肉、短髪で、黒っぽい色の上衣を着用していました。●危険を感じたら、大声を出しましょう。●防犯ブザーを活用しましょう。

配信者：早良警察署
お問い合わせ・情報提供先
092-847-0110
"
"発生","中央区天神２丁目","ひったくり未遂事件","１０月７日午後７時ころ","2014-10-08 09:37:34","１０月７日午後７時ころ、中央区天神２丁目で、徒歩通行中の女性が、後ろから近づいてきた男に、肩に掛けていたバッグをひったくられそうになる事件が発生しました。●犯人は年齢５０〜６０歳位、身長１６０〜１６５センチ位、白髪交じりの短髪、灰色作業着上下を着用した男１名でした。●バッグは車道と反対の方に持つ。●携帯電話を使用しながら歩かない。●時々振り返るなど後方にも気を配りましょう。

配信者：中央警察署
お問い合わせ・情報提供先
092-734-0110
"
"発生","中央区荒戸１丁目","声かけ事案","１０月７日午後１０時ころ","2014-10-08 09:56:22","１０月７日午後１０時ころ、中央区荒戸１丁目において、歩いて帰宅途中の女性が見知らぬ男から声をかけられ、卑わいなことを言われる事案が発生しています。●男は、年齢４０歳代後半、身長１６５センチ位、やせ型、白髪交じりで耳が隠れるくらいの頭髪、暗い色のジーパンを着用していました。●夜間の一人歩きは避け、人通りの多い道を通りましょう。●身に危険を感じたら、大きな声で助けを求め、すぐに１１０番通報しましょう。

配信者：中央警察署
お問い合わせ・情報提供先
092-734-0110
"
"発生","那珂川町","ニセ電話詐欺事件","平成２６年５月ころ","2014-10-09 12:27:09","平成２６年５月ころ、那珂川町の女性宅にパンフレットが届き、女性がそのパンフレットに記載されたダイヤモンド販売会社に電話したところ、男から「ダイヤモンドは２，８００万円です」「手付金１，４００万円を宅配便で送ってほしい」等と言われ、３回に亘り、合計２，２００万円をだまし取られる事件が発生しています。●知らない相手から現金を求められる電話はすべてニセ電話詐欺です。すぐに１１０番通報してください。

配信者：福岡県警察本部生活安全総務課
お問い合わせ・情報提供先
092-641-4141
"
"発生","中央区平尾４丁目","公然わいせつ","１０月１０日午前４時ころ","2014-10-10 08:41:17","１０月１０日午前４時ころ、中央区平尾４丁目にあるマンションエントランス前において、帰宅してきた女性に男がズボンを降ろし、陰部を露出するという事案が発生しました。●犯人は、年齢４０歳から５０歳代、身長１７０センチくらい、中肉、黒色キャップ帽、黒色上下服を着用していました。●危険を感じたら大声を出す。●防犯ブザーを活用するなどしましょう。

配信者：中央警察署
お問い合わせ・情報提供先
092-734-0110
"
"発生","東区御島崎","公然わいせつ","１０月９日午後６時ころ","2014-10-10 10:30:39","１０月９日午後６時ころ、東区御島崎付近で徒歩通行中の女性に対し、男が下半身を露出する事案が発生しました。犯人は、年齢５０〜６０歳位、身長１７０センチ位、中肉、色不明のキャップ帽、白色マスク、黒色ジャージ上下、色不明のスニーカーを着用しています。●防犯ブザーを活用する。●時々後ろを振り返り、警戒していることをアピールするなどしましょう。

配信者：東警察署
お問い合わせ・情報提供先
092-643-0110
"
"発生","城南区長尾２丁目","つきまとい事案","１０月１０日午後４時ころ","2014-10-10 17:50:13","１０月１０日午後４時ころ、城南区長尾２丁目付近で、男が小学生につきまとう事案が発生しました。犯人は、年齢４０〜５０歳位、身長１７０センチ位、坊主頭、やせ型で、黒色上衣、黒色ズボンを着用し、走って逃走しています。●危険を感じたら、大声を出しましょう。●防犯ブザーを活用しましょう。

配信者：早良警察署
お問い合わせ・情報提供先
092-847-0110
"
"発生","戸畑区","ニセ電話詐欺事件","今年７月ころ","2014-10-10 19:55:40","今年７月ころ、戸畑区の女性が男から電話で「あなたの名前がＡ社に残っている。Ｂという人が助けてくれる。あなたの暗証番号を教えるが、誰にも言ってはいけない」等と言われ、その後Ｂを名乗る男から電話があり、女性が暗証番号をＢに教えたところ、再度最初の男から電話で「Ｂに暗証番号を教えたことで大変なことになる。警察に捕まる。金を払えば犯罪にならないようにできる」等と言われ、合計７００万円をだまし取られる事件が発生しています。●知らない相手からの現金を求められる電話はすべてニセ電話詐欺です。すぐに１１０番通報してください。

配信者：福岡県警察本部生活安全総務課
お問い合わせ・情報提供先
092-641-4141
"
"発生","西区愛宕浜","ちかん","１０月１０日午後７時ころ","2014-10-11 08:44:14","　１０月１０日午後７時ころ西区愛宕浜付近で、女性が後ろから体を触られる事件が発生しました。犯人は年齢２０〜３０歳代の男、小太り、暗めの色の上着、ベージュ色のズボンのようなものを着ていました。●危険を感じたら大声を出す。●防犯ブザーを活用するなどしましょう。●目撃情報等があれば通報をお願いします。

配信者：西警察署
お問い合わせ・情報提供先
092-805-6110
"
"発生","西区内浜","ちかん","１０月１０日午後９時ころ","2014-10-11 08:57:04","１０月１０日午後９時ころ西区内浜付近で、通行中の女性が自転車に乗った男から追い抜き様に体を触られる事件が発生しました。●危険を感じたら大声を出す。●防犯ブザーを活用するなどしましょう。●目撃情報等があれば通報をお願いします。

配信者：西警察署
お問い合わせ・情報提供先
092-805-6110
"
"発生","城南区神松寺１丁目路上","ひったくり事案","１０月１０日午後１０時ころ","2014-10-11 10:05:51","１０月１０日午後１０時ころ、城南区神松寺１丁目付近路上で、自転車通行中の女性がカゴに入れていたバッグをひったくられる事案が発生しました。犯人は、黒色スクーターに乗った男１名で、白色つなぎ、白っぽい半キャップメットを着用しています。被害に遭わないためにも、●自転車のカゴに荷物を入れる際は、ひったくり防止ネットを張りましょう。●バッグを持つ際は、車道側と反対の方に持ちましょう。●時々振り返るなど後方にも気を配りましょう。

配信者：早良警察署
お問い合わせ・情報提供先
092-847-0110
"
"発生","城南区鳥飼６丁目","公然わいせつ事案","１０月１１日午前７時ころ","2014-10-11 10:20:39","１０月１１日午前７時ころ、城南区鳥飼６丁目付近で、男が通行中の女性に、下半身を露出する事案が発生しました。犯人は、年齢２０から３０歳くらい、身長１７０センチメートルくらい、黒色短髪、茶色長袖上衣、黒色長ズボンを着用し、白色自転車に乗って逃走しています。●人通りの少ない場所の通行は避けましょう。●危険を感じたら大声を出しましょう。●防犯ブザーを活用するなどしましょう。

配信者：早良警察署
お問い合わせ・情報提供先
092-847-0110
"
"発生","博多区堅粕５丁目","ひったくり","１０月１１日午後９時ころ","2014-10-12 09:24:56","１０月１１日午後９時ころ、博多区堅粕５丁目で、女性が後方から近づいてきた男からバッグをひったくられる事件が発生しました。犯人は、若い男１名で、黒色短髪、灰色上衣、黒色ズボンを着用していました。被害に遭わないためにも●時々振り返るなど後方にも気を配りましょう。

配信者：博多警察署
お問い合わせ・情報提供先
092-412-0110
"
"発生","東区香椎駅前３丁目","わいせつ事案","１０月１３日午後９時ころ","2014-10-14 10:12:06","１０月１３日午後９時ころ、東区香椎駅前３丁目で、通行中の女性が、男から体を触られる事件が発生しました。犯人は、身長１６０センチ位、やせ型、黒色フード付き上衣、黒色長ズボンを着用しています。●深夜の一人歩きは避ける。●危険を感じたら大声を出す。●防犯ブザーを活用するなどしましょう。

配信者：東警察署
お問い合わせ・情報提供先
092-643-0110
"
"発生","早良区東入部１丁目","声かけ事案","平成２６年１０月１４日午後４時ころ","2014-10-14 17:24:11","平成２６年１０月１４日午後４時ころ、早良区東入部１丁目付近の路上で、男児が男から「家はどこ。いい物あげるからこっち来て。等と声を掛けられる事案が発生しました。男は、年齢５０〜６０歳、白色帽子、茶色コート様の服を着用していました。●危険を感じたら、大声を出しましょう●防犯ブザーを活用しましょう

配信者：早良警察署
お問い合わせ・情報提供先
092-847-0110
"
"発生","中央区内","不審な電話","１０月１３日午後３時５０分ころ","2014-10-15 09:05:11","１０月１３日午後３時５０分ころ、中央区内の女性宅に孫を名乗る男から「おばあちゃん、オレオレ。風邪を引いている。会社を休んで寝込んでいる。」などと電話があり、家族に確認したところ、そういった事実がないことが分かり、孫になりすました男から不審な電話がかかってきています。この様な電話はニセ電話詐欺の手口です。●不安を感じたら警察や家族に相談しましょう。●身近なご高齢の方などに「詐欺に気をつけて」などの声かけをお願いします。

配信者：中央警察署
お問い合わせ・情報提供先
092-734-0110
"
"発生","博多区博多駅東３丁目","博多区痴漢","１０月１５日午前１時ころ","2014-10-15 09:42:49","１０月１５日午前１時ころ、博多区博多駅東３丁目で、徒歩で通行中の女性が、接近して来た男から体を触られる事案が発生しました。犯人は、慎重１７０センチ位、年齢４０歳から５０歳位、中肉、赤と白のチェックシャツ、白色ズボンを着用していました。被害に遭わないためにも、●不審者を見たら大声を出す。●すぐに１１０番通報する。●防犯ブザーを活用するなどしましょう。

配信者：博多警察署
お問い合わせ・情報提供先
092-412-0110
"
"発生","城南区別府１丁目路上","ひったくり","１０月１４日午後９時ころ","2014-10-15 10:05:58","１０月１４日午後９時ころ、城南区別府１丁目付近路上で、徒歩通行中の女性が手提げバッグをひったくられる事件が発生しました。犯人は原付バイクに乗った男１名です。被害に遭わないためにも、●バッグは車道側と反対の方に持つ。●携帯電話を使用しながら歩かない。●時々振り返るなど後方にも気を配りましょう。

配信者：早良警察署
お問い合わせ・情報提供先
092-847-0110
"
"発生","博多区博多駅東３丁目","痴漢","１０月１５日午前１時ころ","2014-10-15 10:58:01","１０月１５日午前１時ころ、博多区博多駅東３丁目で、徒歩で通行中の女性が、接近して来た男から体を触られる事案が発生しました。犯人は、身長１７０センチ位、年齢４０歳から５０歳位、中肉、赤と白のチェックシャツ、白色ズボンを着用していました。被害に遭わないためにも、●不審者を見たら大声を出す。●すぐに１１０番通報する。●防犯ブザーを活用するなどしましょう。

配信者：博多警察署
お問い合わせ・情報提供先
092-412-0110
"
"発生","早良区高取１丁目","暴行事案","１０月１５日午後４時ころ","2014-10-15 17:36:00","１０月１５日午後４時ころ、早良区高取１丁目付近で、男性が後方から衣服に火を付けられる事件が発生しました。犯人は小太りで、サングラスを着用し、自転車に乗って逃走しています。●目撃情報等があれば、情報提供をお願いします。

配信者：早良警察署
お問い合わせ・情報提供先
092-847-0110
"
"発生","南区井尻","南区ひったくり","10月15日午後11時00分ころ","2014-10-16 08:38:55","　10月15日午後11時00分ころ、南区井尻付近で、自転車乗車の女性が前カゴからバッグをひったくられる事案が発生しました。犯人は年齢不明、黒色ダウンのような上着着用、スクータータイプの原付に乗車の男でした。
●荷物を前カゴに入れる際は防犯ネットを活用する。●被害に遭った際は犯人の特徴をできるだけ覚え、すぐに110番通報してください。


配信者：南警察署
お問い合わせ・情報提供先
092-542-0110
"
"発生","博多区住吉３丁目","ひったくり","１０月１６日午後１０時ころ","2014-10-17 08:54:30","　１０月１６日午後１０時ころ、博多区住吉３丁目で、自転車で通行中の女性が前カゴに入れていたバッグをひったくられる事件が発生しました。犯人は、原付バイクに乗った男１名で、黒色上下服、黒色ヘルメットを着用していました。被害に遭わないためにも、●前カゴに荷物を入れる時は防犯ネットを利用する●時々振り返るなど後方にも気を配りましょう。

配信者：博多警察署
お問い合わせ・情報提供先
092-412-0110
"
"検挙","お知らせしました早良区高取１丁目","暴行事件","１０月１５日","2014-10-17 21:10:40","１０月１５日にお知らせしました早良区高取１丁目付近で発生した暴行事件については、２４歳の男を検挙しました。情報提供や地域のパトロールなど、ご協力ありがとうございました。

配信者：早良警察署
お問い合わせ・情報提供先
092-847-0110
"
"発生","中央区大名２丁目","痴漢","１０月１７日午後９時ころ","2014-10-18 08:27:25","１０月１７日午後９時ころ、中央区大名２丁目の路上で、徒歩で通行中の女性が前から近づいてきた男から身体を触られるという事案が発生しました。●犯人は、年齢４０〜５０歳代、やせ型、黒髪短髪、黒色上衣、黒色ジャージズボンを着用していまいした。●危険を感じたら大声を出す。●防犯ブザーを活用するなどしましょう。

配信者：中央警察署
お問い合わせ・情報提供先
092-734-0110
"
"発生","東区香椎浜１丁目","わいせつ事案","１０月１７日午後１１時ころ","2014-10-18 09:45:55","１０月１７日午後１１時ころ、東区香椎浜１丁目付近で、女性が男から身体を触られる事案が発生しました。犯人は、年齢４０〜５０歳位、身長１６０センチ位、上下黒色ジャージ、黒色ネックウォーマーを着用しています。●危険を感じたら大声を出す●防犯ブザーを活用する●後方を振り返る等し、警戒していることをアピールしましょう。

配信者：東警察署
お問い合わせ・情報提供先
092-643-0110
"
"発生","中央区内","不審な電話","１０月２０日午前１１時ころ","2014-10-20 19:54:14","１０月２０日午前１１時ころ、中央区内の男性宅に市役所職員を名乗る男から電話があり「社会保険料の還付がある。社会保険事務所で払い戻しの手続きを行う。」等と言われ、指定された電話番号に電話したところ「最寄のコンビニのＡＴＭに行き、キャッシュカードを使って預金口座の確認を。その際、携帯で報告を。」と言われています。中央区内では同様の事案がほかにも１件発生しています。●このような電話はすべてニセ電話詐欺です。すぐに１１０番してください。

配信者：中央警察署
お問い合わせ・情報提供先
092-734-0110
"
"発生","八幡東区","ニセ電話詐欺事件","平成２６年９月ころ","2014-10-21 15:31:56","平成２６年９月ころ、北九州市八幡東区の女性に男から「老人ホーム建設予定があるので入らないか」と電話があり、その後、複数の男から次々に「土地の一部があなたの名義になっている。返金するから立て替えてくれ」「あなたは株主になっているから、株主総会の欠席料を代理人に支払え」等と言われ、これを信用した被害者は、３回に亘り合計２，１００万円を、現金を受け取りにきた男に手渡し、だまし取られる事案が発生しています。●知らない相手から現金を求められる電話はすべてニセ電話詐欺です、すぐに１１０番通報してください。

配信者：福岡県警察本部生活安全総務課
お問い合わせ・情報提供先
092-641-4141
"
"発生","東区舞松原５丁目","声かけ事案","１０月２３日午後１時ころ","2014-10-23 17:32:27","　１０月２３日午後１時ころ、東区舞松原５丁目付近で、小学生男子が、車に乗車した見知らぬ男性から道を聞かれ「車に乗れ」と声をかけられる事案が発生しました。男性は、年齢５０歳くらい、やせ型、あごひげ、マスク、白色半袖シャツを着用し、白色のミニバンに乗車しています。●知らない人にはついていかない。●身の危険を感じたら大声を出し、すぐに１１０通報する。●防犯ブザーを活用するなどしましょう。

配信者：東警察署
お問い合わせ・情報提供先
092-643-0110
"
"発生","東区原田２丁目","痴漢","１０月２４日午後１１時ころ","2014-10-25 08:19:41","１０月２４日午後１１時ころ、東区原田２丁目付近で、通行中の女性が、男から体を触られる事件が発生しました。犯人は、黒髪で肩くらいまでの長さ、クリーム色の上衣を着用し、赤色の自転車を使用しています。●深夜の一人歩きは避ける。●危険を感じたら大声を出す。●時々後ろを振り返る等し、警戒していることをアピールしましょう。

配信者：東警察署
お問い合わせ・情報提供先
092-643-0110
"
"発生","東区箱崎６丁目","痴漢","１０月２５日午後１０時ころ","2014-10-26 08:28:50","１０月２５日午後１０時ころ、東区箱崎６丁目付近で、通行中の女性が、男から体を触られる事件が発生しました。犯人は、中肉、灰色パーカー、黄色長ズボンを着用し、自転車を使用しています。●深夜の一人歩きは避ける。●危険を感じたら大声を出す。●防犯ブザー等を活用するなどしましょう。

配信者：東警察署
お問い合わせ・情報提供先
092-643-0110
"
"発生","東区唐原２丁目","わいせつ事案","１０月２５日午前１０時ころ","2014-10-26 08:41:47","１０月２５日午前１０時ころ、東区唐原２丁目で、帰宅中の女児が、男から体を触られる事件が発生しました。犯人は、年齢３０歳から４０歳位、黒色短髪、上下グレー色の着衣を着用しています。●深夜の一人歩きは避ける。●危険を感じたら大声を出す。●防犯ブザー等を活用するなどしましょう。

配信者：東警察署
お問い合わせ・情報提供先
092-643-0110
"
"発生","中央区地行２丁目","公然わいせつ","１０月２６日午前１時３０分ころ","2014-10-26 09:04:47","１０月２６日午前１時３０分ころ、中央区地行２丁目で、下半身を露出した男が目撃されています●男は年齢２０〜３０歳代位、身長１７０センチメートル位、やせ型、黒髪短髪、暗い色パーカー、長ズボン、サングラス、白色マスクを着用していました●危険を感じたら大声を出し助けを求めたり、近くの店舗等に避難しましょう●不審者を目撃した際は、できるだけ特徴を記憶し、すぐに１１０番通報をしてください

配信者：中央警察署
お問い合わせ・情報提供先
092-734-0110
"
"発生","博多区那珂５丁目","公然わいせつ事案","１０月２５日午後１１時４０分ころ","2014-10-26 09:50:25","１０月２５日午後１１時４０分ころ、博多区那珂５丁目の路上で、男が帰宅中の女性に下半身を見せるという事案が発生しました。犯人は２０〜３０歳代の男、身長１７０センチ位、小太り、天然パーマ、灰色上下のスウェットを着用し、徒歩で逃走しています。●不審者を見たら大声を出す。●防犯ブザーを活用するなどしましょう。

配信者：博多警察署
お問い合わせ・情報提供先
092-412-0110
"
"発生","東区松崎４丁目","殺人未遂事件","１０月２６日午後１０時ころ","2014-10-27 06:57:23","１０月２６日午後１０時ころ、東区松崎４丁目で、男性が、犯人から刃物で刺される事件が発生しました。犯人は、年齢３０〜４０歳の男、身長１７６センチ位、がっちり型、青色キャップ帽、上下黒色の服装で、現在も逃走しています。目撃情報等があれば情報提供をお願いします。

配信者：東警察署
お問い合わせ・情報提供先
092-643-0110
"
"発生","博多区吉塚２丁目","公然わいせつ事案","１０月２６日午後３時３０分ころ","2014-10-27 10:14:04","１０月２６日午後３時３０分ころ、博多区吉塚２丁目で、通行中の女性に男が下半身を見せる事案が発生しました。犯人の特徴は、年齢４０歳くらい、身長不明、小肥り、赤色チェックシャツ、黒色ズボン着用、黒色自転車に乗車していた男です。被害に遭わないためにも●不審者を見たら大声を出す。●すぐに１１０番通報する。●防犯ブザーを活用するなどしましょう。

配信者：博多警察署
お問い合わせ・情報提供先
092-412-0110
"
"発生","博多区内","詐欺未遂事件","１０月２２日","2014-10-27 17:15:36","１０月２２日、博多区内の女性宅に男から電話があり「老人ホームに１０００万円で入居できる」との電話があり断ったところ、翌日に「契約を解約するなら、４００万円を郵送するように。」「あなたが承諾したことは、すべて録音している。」などと言われ、現金を騙し取られそうになるニセ電話詐欺未遂事件が発生しました。●知らない人に現金を要求されるのはすべてニセ電話詐欺です。●一人で悩まずすぐに相談するなどしましょう。

配信者：博多警察署
お問い合わせ・情報提供先
092-412-0110
"
"発生","久留米市","不審な電話","本日","2014-10-27 19:02:06","本日、久留米市で県警の「アキヤマ」や「ムトウ」を名乗る男から「あなたの通帳を押収した」「あなたの口座が狙われている」「被害防止のため銀行と口座番号を教えて欲しい」「後で銀行協会の者から連絡させる」等という不審な電話が合計１０件発生しています。●このような電話はすべてニセ電話詐欺です。すぐに１１０番してください。

配信者：福岡県警察本部生活安全総務課
お問い合わせ・情報提供先
092-641-4141
"
"発生","八幡西区","ニセ電話詐欺事件","平成２６年１０月上旬ころ","2014-10-27 20:01:24","平成２６年１０月上旬ころ、北九州市八幡西区の女性に男から「株を買うために名前を貸してほしい」と電話があり、これに応じたところ、別の男から「名義貸しは犯罪だ」と電話で言われたが、最初の男が「必ず返すので立て替えてほしい」と言ったことから、これを信用した女性が、２回に亘り合計５５０万円を宅配便で送り、だまし取られる事件が発生しています。●知らない相手から現金を求められる電話はすべてニセ電話詐欺です。すぐに１１０番通報してください。

配信者：福岡県警察本部生活安全総務課
お問い合わせ・情報提供先
092-641-4141
"
"発生","南区井尻2丁目","ひったくり","10月28日午前1時4分ころ","2014-10-28 08:27:00","10月28日午前1時4分ころ、南区井尻2丁目で自転車に乗った女性が前カゴに入れていたバッグをひったくられる事件が発生しました。犯人は、年齢不明、紺色の上着着用、フルフェイスのヘルメット着用、スクータータイプの原付に乗った男でした。●荷物を前カゴに入れる際は防犯ネット等を活用する。●被害に遭った際は犯人の特徴をできるだけ覚え、すぐに１１０番通報してください。

配信者：南警察署
お問い合わせ・情報提供先
092-542-0110
"
"発生","お知らせしました、１０月２６日発生","東区殺人未遂事件解決について","１０月２７日","2014-10-28 11:12:24","　１０月２７日にお知らせしました、１０月２６日発生の東区松崎４丁目での殺人未遂事件については、虚偽申告と判明し、解決しました。ご協力ありがとうございました。

配信者：東警察署
お問い合わせ・情報提供先
092-643-0110
"
"発生","早良区重留１丁目路上","暴行事案","１０月２８日午後４時ころ","2014-10-28 17:23:22","１０月２８日午後４時ころ、早良区重留１丁目付近路上で、女児が男から突き飛ばされる暴行事案が発生しました。犯人は、年齢３０〜４０歳位で、黒色ジャージ、茶色ズボン、黒色帽子を着用し、走って逃走しています。●危険を感じたら、大声を出しましょう。●防犯ブザーを活用しましょう。

配信者：早良警察署
お問い合わせ・情報提供先
092-847-0110
"
"発生","城南区別府１丁目路上","ひったくり事案","１０月２８日午後８時ころ","2014-10-29 09:44:39","１０月２８日午後８時ころ、城南区別府１丁目付近路上で、徒歩通行中の女性がショルダーバッグをひったくられる事案が発生しました。犯人は、スクーターに乗った男１名で、黒色上衣、白色ヘルメットを着用しています。被害に遭わないためにも、●バッグは車道側と反対の方に持ちましょう。●携帯電話を使用しながら歩かないようにしましょう。●時々振り返るなど後方にも気を配りましょう。

配信者：早良警察署
お問い合わせ・情報提供先
092-847-0110
"
"発生","門司区","ニセ電話詐欺事件","平成２６年１０月上旬ころ","2014-10-30 11:54:06","平成２６年１０月上旬ころ、門司区の女性に男から「投資に関するパンフレットが届いていると思う」「投資のために名前を貸してほしい」「投資会社に連絡してほしい」等と電話があり、これに応じたところ、投資会社を名乗る男や最初の男から「後で利子も含めて必ず返すので、３００万円を支払ってほしい」等と言われたことから、これを信用した女性が、２回に亘り合計５００万円を書留で送り、だまし取られる事件が発生しています。●知らない相手からの現金を求められる電話は全てニセ電話詐欺です。すぐに１１０番通報してください。

配信者：福岡県警察本部生活安全総務課
お問い合わせ・情報提供先
092-641-4141
"
"発生","城南区長尾３丁目","公然わいせつ事案","１０月３０日午後２時ころ","2014-10-30 15:02:27","１０月３０日午後２時ころ、城南区長尾３丁目付近で、男が下半身を露出する事案が発生しました。犯人は、中年の男で、徒歩で逃走しました。●危険を感じたら、大声を出しましょう。●防犯ブザーを活用しましょう。

配信者：早良警察署
お問い合わせ・情報提供先
092-847-0110
"
"発生","小倉南区","ニセ電話詐欺事件","平成２６年１０月中旬ころ","2014-10-30 17:43:31","平成２６年１０月中旬ころ、小倉南区の女性にＡ男から「投資のために名前を貸してほしい」と電話があり、これに応じたところ、投資会社を名乗るＢ男から「あなた名義で１，０００万円の支払いがあった」との連絡がありました。翌日、再度、Ｂ男から連絡があり「名義貸しは犯罪だ。隠蔽するには２００万円必要だ。お金はすぐに返金する」と連絡があり、レターパックで現金２００万円を送金し、騙し取られる事件が発生しています。●知らない相手から現金を求められる電話はすべてニセ電話詐欺です。すぐに１１０番通報してください。

配信者：福岡県警察本部生活安全総務課
お問い合わせ・情報提供先
092-641-4141
"
"発生","太宰府市","ニセ電話詐欺事件","平成２６年１０月上旬ころ","2014-10-30 18:44:05","平成２６年１０月上旬ころ、太宰府市の男性の携帯電話にＡ男から「競馬の情報を買いたいが、一度しか購入できないので名前を貸して欲しい」との電話があり、その後、情報屋を名乗るＢ男から「あなたから入金があったが、あと１７０万円必要」「高配当なレースは情報料が２倍かかる」等と言われ、４回に亘り合計４６０万円をＢ男の指定した口座に振り込み、騙し取られる事件が発生しています。●知らない相手から現金を求められる電話はすべてニセ電話詐欺です。すぐに１１０番通報してください。

配信者：福岡県警察本部生活安全総務課
お問い合わせ・情報提供先
092-641-4141
"
"発生","筑後市","ニセ電話詐欺事件","平成２６年１０月２９日","2014-10-31 18:27:35","平成２６年１０月２９日、筑後市の女性の携帯電話に男から電話があり「当社のサイトに登録されているが、登録料が払われていない。違約金２５万円が発生している。お金は保険で９０パーセント戻ってくるので、振り込んでくれ」等と言われ、相手から指定された口座に計３回に亘り現金合計１９８万円を振り込んで、だまし取られる事件が発生しています。●知らない相手から現金を求められる電話はすべてニセ電話詐欺です。すぐに１１０番通報してください。

配信者：福岡県警察本部生活安全総務課
お問い合わせ・情報提供先
092-641-4141
"
"発生","太宰府市","ニセ電話詐欺事件","平成２６年１０月上旬ころ","2014-11-01 13:55:30","平成２６年１０月上旬ころ、太宰府市の男性宅に男から「甲社がホテルを建てるのに公募を募っている。太宰府市民しか応募できないので名義を貸してほしい」と電話があり、その後、甲社を名乗る男から「あなたから入金があったが、方法が違うので返金する」「当社との取引実績があれば返金しやすいので、まず１５０万円を送って欲しい」等と言われ、男の指定した場所に宅配便で現金を送り、だまし取られる事件が発生しています。●知らない相手から現金を求められる電話はすべてニセ電話詐欺です。すぐに１１０番通報してください。

配信者：福岡県警察本部生活安全総務課
お問い合わせ・情報提供先
092-641-4141
"
"発生","中央区平尾３丁目","声かけ事案","１１月２日午後４時ころ","2014-11-03 09:25:31","１１月２日午後４時ころ、中央区平尾３丁目で、徒歩で通行中の女児が、見知らぬ男から「ねえねえ、ちょっとこの写真見て」と声をかけられる事案が発生しました。男は、年齢５０歳くらい、身長１６５センチメートルくらい、ぽっちゃり型、白髪混じりの短髪、うす緑色の作業着上下を着用しています。●深夜の一人歩きは避けましょう。●身の危険を感じたら、大きな声で助けを求め、すぐに１１０番通報しましょう。●防犯ブザーを活用しましょう。

配信者：中央警察署
お問い合わせ・情報提供先
092-734-0110
"
"発生","博多区中洲５丁目","公然わいせつ事案","１１月２日午後８時００分ころ","2014-11-03 10:59:20","　１１月２日午後８時００分ころ、博多区中洲５丁目で、徒歩で通行中の女性に、男が下半身を見せる事案が発生しました。犯人の特徴は、年齢４０〜５０歳くらい、身長１７０センチくらい、短髪、茶色ジャンパー着用の男です。被害に遭わないためにも●不審者を見たら大声を出す。すぐに１１０番通報する。●防犯ブザーを活用するなどしましょう。

配信者：博多警察署
お問い合わせ・情報提供先
092-412-0110
"
"発生","男が東区松崎３丁目","公然わいせつ事案","１１月４日午後８時１５分ころ","2014-11-05 08:06:20","１１月４日午後８時１５分ころ、男が東区松崎３丁目付近で、徒歩で通行中の女性に、下半身を見せるという事案が発生しました。犯人は、年齢３０歳位、身長１６５センチ位、やせ型、ニット帽、サングラス、黒ジャンパーを着用し、徒歩で逃走しています。●不審者を見たら大声を出す。●防犯ブザーを活用するなどしましょう。

配信者：東警察署
お問い合わせ・情報提供先
092-643-0110
"
"発生","久留米市","ニセ電話詐欺事件","平成２６年１０月下旬ころ","2014-11-06 14:16:04","平成２６年１０月下旬ころ、久留米市の女性の携帯電話に甲社から「利用料金を長期延滞しているため、訴訟準備に入った」旨のメールが届いたため、甲社に電話したところ、電話に出た男から「和解手続のために必要な顧問弁護士料を支払ってくれ」等と言われ、相手から指定された口座に８０万円を振り込み、だまし取られる事件が発生しています。●知らない相手から現金を求められる電話はすべてニセ電話詐欺です。すぐに１１０番通報してください。

配信者：福岡県警察本部生活安全総務課
お問い合わせ・情報提供先
092-641-4141
"
"発生","早良区","ニセ電話詐欺事件","平成２６年１１月６日","2014-11-07 12:09:29","平成２６年１１月６日、福岡市早良区の女性に福岡市役所健康保険課職員を名乗る男から電話で「保険の払戻金がある」「書類作成の手数料を支払えば現金を還付するので、近くのＡＴＭに行ってほしい」等と言われ、指示通りにＡＴＭに向かったところ、銀行員を名乗る男から電話があり、同男の指示通りにＡＴＭを操作し、約３０万円をだまし取られる事件が発生しています。●知らない相手から現金を求められる電話はすべてニセ電話詐欺です。すぐに１１０番通報してください。

配信者：福岡県警察本部生活安全総務課
お問い合わせ・情報提供先
092-641-4141
"
"発生","城南区別府１丁目路上","ひったくり未遂事案","１１月７日午後７時ころ","2014-11-08 08:39:36","１１月７日午後７時ころ、城南区別府１丁目付近路上で、徒歩通行中の女性が手提げバッグをひったくられそうになる事案が発生しました。犯人は、黒色スクーターに乗った男１名で、２０歳くらい、身長１７０センチメートルくらい、黒っぽい色のズボン、白っぽい色の半キャップヘルメットを着用しています。被害に遭わないためにも、●自転車のかごに荷物を入れる際は、引ったくり防止ネットを張りましょう。●バッグを持つ際は、車道側と反対のほうに持ちましょう。●時々振り返るなど後方にも気を配りましょう。

配信者：早良警察署
お問い合わせ・情報提供先
092-847-0110
"
"発生","博多区中洲１丁目","公然わいせつ事案","11月７日午後６時ころ","2014-11-08 10:15:27","11月７日午後６時ころ、博多区中洲１丁目で、徒歩で通行中の女性に、男が下半身を見せる事案が発生しました。犯人の特徴は、年齢４０歳代、身長１６５センチメートルくらい、中肉、上下黒色のジャージを着用した男です。●不審者を見たら大声を出す。●すぐに１１０番通報する。●防犯ブザーを活用するなどしましょう。

配信者：博多警察署
お問い合わせ・情報提供先
092-412-0110
"
"発生","中央区笹丘３丁目","ちかん事案","１１月８日午後７時ころ","2014-11-09 08:55:53","１１月８日午後７時ころ、中央区笹丘３丁目で、徒歩通行中の女性が、後方から近づいてきた自転車に乗車した男に体を触られる事件が発生しました。●男は、年齢２０歳くらい、黒短髪、長袖チェックシャツ、長ズボンを着用し、色不明の軽快自転車に乗車していました。●危険を感じたら大声を出して助けを求める。●防犯ブザーを活用する。●時々後ろを振り返るなどして、周囲に気を配りましょう。

配信者：中央警察署
お問い合わせ・情報提供先
092-734-0110
"
"発生","南区井尻一丁目","公然わいせつ事案","１１月１１日午前０時２０分ころ","2014-11-11 08:24:25","１１月１１日午前０時２０分ころ、南区井尻一丁目付近の路上で、男が徒歩帰宅中の女性に下半身を見せるという事案が発生しました。犯人は年齢３０〜４０歳位、中肉、赤色チェックシャツ着用の男で、下半身に何も着用していない状態で自転車に乗っていました。●不審者を見たら大声を出す。●目撃した際は、犯人の特徴をできるだけ覚えてすぐに１１０番通報しましょう。

配信者：南警察署
お問い合わせ・情報提供先
092-542-0110
"
"発生","博多区対馬小路","公然わいせつ事案","１１月１１日午前８時ころ","2014-11-11 09:41:24","１１月１１日午前８時ころ、博多区対馬小路で、徒歩で通行中の女性に、男が下半身を見せる事案が発生しました。犯人は、年齢３５から４０歳くらい、身長１７０センチくらい、黒色ジャージを着用していました。被害に遭わないためにも●不審者を見たら大声を出す。●すぐに１１０番通報する。●防犯ブザーを活用するなどしましょう。

配信者：博多警察署
お問い合わせ・情報提供先
092-412-0110
"
"発生","城南区南片江６丁目路上","公然わいせつ事案","平成２６年１１月１１日午前７時ころ","2014-11-11 13:34:10","平成２６年１１月１１日午前７時ころ、城南区南片江６丁目付近路上で、男が下半身を露出する事案が発生しました。犯人は、年齢３０歳位、身長１７０センチ位、中肉で、黒色パーカー、黒色ズボンを着用し、徒歩で逃走しました。●危険を感じたら、大声を出しましょう。●防犯ブザーを活用しましょう。

配信者：早良警察署
お問い合わせ・情報提供先
092-847-0110
"
"発生","東区松崎４丁目","公然わいせつ事案","１１月１１日午後１１時ころ","2014-11-12 08:13:34","１１月１１日午後１１時ころ、東区松崎４丁目の路上で、男が通行中の女性に対し、下半身を露出する事案が発生しました。犯人は、年齢３０〜４０歳くらい、身長１７０センチくらい、緑色の長袖シャツを着用しています。●危険を感じたら大声で助けを求め、すぐに１１０番通報しましょう。●防犯ブザーを活用するなどしましょう。

配信者：東警察署
お問い合わせ・情報提供先
092-643-0110
"
"発生","東区香住ヶ丘四丁目","強盗致傷事件","１１月１５日午後９時ころ","2014-11-16 08:42:50","１１月１５日午後９時ころ、東区香住ヶ丘四丁目付近の路上で、強盗致傷事件が発生しました。犯人は、身長１７０ｃｍくらい、中肉、黒色ジャージ上下を着用した男で走って逃走しています。目撃情報があれば情報提供をお願いします。また、暗い道を一人で歩かない、携帯電話を使用しながら歩かないなど防犯に努めましょう。

配信者：東警察署
お問い合わせ・情報提供先
092-643-0110
"
"発生","東区香椎浜４丁目","公然わいせつ事案","１１月１７日午後８時ころ","2014-11-18 09:02:16","１１月１７日午後８時ころ、東区香椎浜４丁目付近で、徒歩通行中の女性に対し、男が下半身を露出する事案が発生しました。犯人は、年齢５０〜５５歳くらい、小太りで、黒縁メガネ、色不明の長袖チェックシャツを着用し、懐中電灯を所持しています。●危険を感じたら大声を出す。●暗い場所、人通りの少ない場所の１人歩きは避ける。●防犯ブザーを活用するなどしましょう。

配信者：東警察署
お問い合わせ・情報提供先
092-643-0110
"
"発生","那珂川町","ニセ電話詐欺未遂","今月","2014-11-18 19:48:49","今月、那珂川町の女性に次々と「貴方の名義になっている会社の会員を譲ってほしい」「大事な番号を教える、絶対に人に話してはいけない」と身に覚えのない電話がかかり、その後、別の男から「番号を教えてくれ」等と電話で言われたため、番号を教えたところ、最初の男から「番号を教えたので大変なことになる。罰金を払わないと刑務所に入らないといけない」「罰金の一部を宅配便で送ってくれ」等と脅されて、２００万円をだまし取られそうになる事件が発生しています。●ストップ！ニセ電話詐欺！電話で「お金」は、すぐ相談！

配信者：福岡県警察本部生活安全総務課
お問い合わせ・情報提供先
092-641-4141
"
"発生","豊前市","ニセ電話詐欺事件","平成２６年１０月ころ","2014-11-19 10:47:26","平成２６年１０月ころ、豊前市の女性に男から「あなたがＡ社の福岡県代表責任者に選ばれた」と電話があり、その後、Ｂ社を名乗る男から「責任者は大阪の人に代わった。その人があなたの名前で３，０００万円を立て替えている。早く支払わないと懲役１５年の刑に問われる」等と電話があり、３回に亘って合計１，０９６万円を自宅に来た男に手渡し、だまし取られる事件が発生しています。●ストップ！ニセ電話詐欺！電話で「お金」は、すぐ相談！

配信者：福岡県警察本部生活安全総務課
お問い合わせ・情報提供先
092-641-4141
"
"発生","直方市","ニセ電話詐欺事件","今月上旬ころ","2014-11-19 17:45:29","今月上旬ころ、直方市の女性に男から「以前、詐欺被害に遭っていますね」「弁護士がお金を取り返してくれる」「手続料金は一時的に弁護士が支払うから、その条件として、弁護士が買いたがっているＡ社の社債１，２００万円分を購入してくれないか」等と電話があり、その後、Ａ社の男から「当社の社債は人気があるので、１５日までの受付となり、それ以降は一切受け付けない」等と電話で言われ、１，２００万円をだまし取られる事件が発生しています。●ストップ！ニセ電話詐欺！電話で「お金」は、すぐ相談！

配信者：福岡県警察本部生活安全総務課
お問い合わせ・情報提供先
092-641-4141
"
"発生","中央区今川２丁目","ちかん事案","１１月１９日午後７時ころ","2014-11-20 09:36:55","１１月１９日午後７時ころ、中央区今川２丁目で、徒歩通行中の女性が、隣で鍵を落とし鍵を拾うふりをした男から身体を触られる事件が発生しました。男は、身長１６０〜１７０ｃｍくらい、年齢１４歳くらい、黒短髪、ぽっちゃり型、黒色の学生服上下、黒色ショルダーバッグを所持していました。●危険を感じたら大声を出して助けを求める●防犯ブザーを活用する●時々後ろを振り返るなどして、周囲に気を配りましょう。

配信者：中央警察署
お問い合わせ・情報提供先
092-734-0110
"
"発生","西区","ニセ電話詐欺事件","平成２６年５月下旬ころ","2014-11-20 15:22:37","平成２６年５月下旬ころ、福岡市西区の女性に証券会社の社員を名乗るＡ男から「株で儲かる銘柄を教える」等と電話があり、更に同社のＢ男から「ベトナムの企業で５０％の配当が期待できる株がある。買わないか」等と電話で言われ、これを信用した被害者が、合計３回に亘り、犯人が指定した海外口座にお金を送金し、総額２，９００万円を騙し取られる事件が発生しています。●ストップ！ニセ電話詐欺！電話で「お金」は、すぐ相談！

配信者：福岡県警察本部生活安全総務課
お問い合わせ・情報提供先
092-641-4141
"
"発生","城南区長尾","暴行事案","１１月２０日午後５時ころ","2014-11-21 08:19:15","　１１月２０日午後５時ころ、城南区長尾付近で、男が小学生男児の後方から近づき肩をたたく暴行事案が発生しました。男は、年齢３０歳くらい、身長１７５センチメートルくらい、黒髪、黒色長袖シャツ、青色ジーパンを着用しています。●危険を感じたら大声を出す。●近所の家に助けを求める。●防犯ブザーを活用するなどしましょう。

配信者：早良警察署
お問い合わせ・情報提供先
092-847-0110
"
"発生","門司区","ニセ電話詐欺事件","平成２６年１１月２０日","2014-11-21 19:55:11","平成２６年１１月２０日、門司区の男性が北九州市役所職員を名乗るＡ男から電話で「税金の払い過ぎで２万円の戻りがあります。後ほど銀行の者から電話があります」等と言われ、その後、銀行員を名乗るＢ男から電話があり同男の指示通りに銀行でＡＴＭを操作した結果、現金約３３万円をだまし取られる事件が発生しています。●ストップ！ニセ電話詐欺！電話で「お金」は、すぐ相談！

配信者：福岡県警察本部生活安全総務課
お問い合わせ・情報提供先
092-641-4141
"
"発生","東区城浜団地","公然わいせつ事案","１１月２１日午後１０時ころ","2014-11-22 08:57:03","１１月２１日午後１０時ころ、東区城浜団地付近で、徒歩で通行中の女性に対し、男が下半身を見せる事案が発生しました。犯人は、身長１７０ｃｍくらい、年齢３０〜４０歳くらい、中肉、下衣グレー色ジャージ、黒色ニット帽着用、懐中電灯を所持した男です。●危険を感じたら大声を出し１１０番通報する。●暗い場所、人通りの少ない場所の一人歩きは避ける。●防犯ブザーを活用するなどしましょう。

配信者：東警察署
お問い合わせ・情報提供先
092-643-0110
"
"発生","博多区千代１丁目","公然わいせつ事案","１１月２１日午後７時ころ","2014-11-22 09:06:56","　１１月２１日午後７時ころ、博多区千代１丁目で、徒歩で通行中の女性に、男が下半身をみせる事案が発生しました。犯人は、年齢４０歳くらい、身長１７０センチくらい、ニット帽、灰色スウェットを着用していました。被害に遭わないためにも●不審者を見たら大声を出す。●すぐに１１０番通報する。●防犯ブザーを活用するなどしましょう。

配信者：博多警察署
お問い合わせ・情報提供先
092-412-0110
"
"発生","博多区三筑２丁目","ひったくり未遂","１１月２３日午後１１時ころ","2014-11-24 09:24:55","１１月２３日午後１１時ころ、博多区三筑２丁目で、自転車で通行中の女性がショルダーバッグをひったくられそうになる事件が発生しました。犯人は、バイクに乗車した男１名でした。被害に遭わないためにも●バッグは車道と反対側の方に持つ。●防犯ブザーを活用する。●時々振り返るなど後方にも気を配りましょう。

配信者：博多警察署
お問い合わせ・情報提供先
092-412-0110
"
"発生","博多区祇園町","公然わいせつ事案","１１月２４日午前４時ころ","2014-11-24 09:39:01","１１月２４日午前４時ころ、博多区祇園町の路上で、徒歩で通行中の女性に男が下半身を見せる事案が発生しました。犯人は、身長１７０センチくらい、中肉、ニット帽、白色マスク着用の男です。被害に遭わないためにも●不審者を見たら大声を出す。●すぐに１１０番通報する。●防犯ブザーを活用するなどしましょう。

配信者：博多警察署
お問い合わせ・情報提供先
092-412-0110
"
"発生","南区塩原３丁目","痴漢事案","１１月２５日午前０時ころ","2014-11-25 08:59:38","　１１月２５日午前０時ころ、南区塩原３丁目付近で、男が女性の身体を触って逃げるという事案が発生しました。犯人は、年齢２５〜３０歳位、身長１７５センチメートル位、やせ型で色黒、黒色上衣、色不明のジーパンを着用し、白色の自転車に乗車した男でした。●夜間はなるべく明るく人通りの多い道を選んで通る。●不審者を見て危険を感じたら大声を出したり防犯ブザーを活用して逃げる。●犯人の特徴をできるだけ思い出し、すぐに１１０番通報して下さい。

配信者：南警察署
お問い合わせ・情報提供先
092-542-0110
"
"発生","久留米市","ニセ電話詐欺事件","平成２６年１０月下旬ころ","2014-11-25 09:36:02","平成２６年１０月下旬ころ、久留米市の女性宅にＡ男から電話があり「株を購入したいので、あなたの名前を貸して欲しい」等と言われ、これを承諾したところ、別の男から次々と電話があり「株の購入代金を支払って欲しい」「名義貸しは違法である。このままだと税務署の監査が入り、数千万円を支払わなければならなくなる」等と言われ、犯人に指定された住所に宅配便で現金３００万円を送付し、騙し取られる事件が発生しています。●ストップ！ニセ電話詐欺！電話で「お金」は、すぐ相談！

配信者：福岡県警察本部生活安全総務課
お問い合わせ・情報提供先
092-641-4141
"
"発生","南区大橋１丁目","公然わいせつ事案","１１月２７日午前０時ころ","2014-11-27 08:15:51","１１月２７日午前０時ころ、南区大橋１丁目付近で、男が男性に下半身を見せるという事案が発生しました。犯人は、年齢２５〜３０歳位、身長１６５〜１７０センチ位、黒色短髪、黒色スーツを着た男でした。●不審者を見たら大声を出して逃げる。●犯人の特徴をできるだけ覚えて、すぐに１１０番通報して下さい。

配信者：南警察署
お問い合わせ・情報提供先
092-542-0110
"
"発生","城南区荒江１丁目路上","公然わいせつ事案","１１月２８日午前８時ころ","2014-11-28 10:15:05","１１月２８日午前８時ころ、城南区荒江１丁目付近路上で、男が下半身を露出する事案が発生しました。犯人は、中肉中背で、ジャンパー、ジーパンを着用し、徒歩で逃走しました。●危険を感じたら、大声を出しましょう。●防犯ブザーを活用しましょう。

配信者：早良警察署
お問い合わせ・情報提供先
092-847-0110
"
"発生","城南区鳥飼","声かけ事案","１１月２９日午前７時ころ","2014-11-29 08:26:55","　１１月２９日午前７時ころ、城南区鳥飼付近で、男が登校中の女子生徒に「見てもらっていいですか。今から脱ぐので待っていてください。」と声をかける事案が発生しました。男は年齢２０歳後半から３０歳後半、身長１７０から１８０センチメートル位、やせ型、黒色短髪、黒色パーカー、紺色ジーパンを着用し、白色スポーツタイプの自転車を使用しています。●見知らぬ人にはついて行かない。●危険を感じたら大声を出す。●防犯ブザーを活用するなどしましょう。

配信者：早良警察署
お問い合わせ・情報提供先
092-847-0110
"
"発生","東区香椎２丁目","公然わいせつ","１２月１日午後７時ころ","2014-12-01 20:40:59","１２月１日午後７時ころ、東区香椎２丁目付近で徒歩通行中の女性に対し、男が下半身を露出する事案が発生しました。犯人は年齢４０〜５０歳位、身長１６５センチ位、中肉、黒っぽい服装でニット帽を着用しています。●不審者を見かけたらすぐに１１０番する。●防犯ブザーを活用する。●時々後ろを振り返って、警戒していることをアピールするなどしましょう。

配信者：東警察署
お問い合わせ・情報提供先
092-643-0110
"
"発生","東区原田１丁目","わいせつ事案","１２月１日午後８時ころ","2014-12-01 21:09:56","１２月１日午後８時ころ、東区原田１丁目付近で、徒歩通行中の女性が、男から体を触られる事件が発生しました。犯人は、年齢３０〜４０歳位、身長１６０〜１７０センチ位、黒色短髪、中肉、紺色作業着を着用しています。●夜間の一人歩きは避ける。●危険を感じたら大声を出す。●防犯ブザーを活用するなどしましょう。

配信者：東警察署
お問い合わせ・情報提供先
092-643-0110
"
"発生","那珂川町","ニセ電話詐欺事件","平成２６年１１月上旬ころ","2014-12-03 14:37:01","平成２６年１１月上旬ころ、那珂川町の男性宅に複数の男から次々と電話があり「貴方名義で債権を購入した。現金は返すので一旦払ってくれないか。現金は宅配便で、衣類や日用品と記載して送ってくれ」「貴方は追加で債権を購入している、現金を送ってくれ」等と言われ、４回に亘り３，８００万円を犯人に指定された住所に宅配便で送付し、騙し取られる事件が発生しています。●知らない相手から現金を求められる電話はすべてニセ電話詐欺です。すぐに１１０番通報してください。●ストップ！ニセ電話詐欺！電話で「お金」は、すぐ相談！

配信者：福岡県警察本部生活安全総務課
お問い合わせ・情報提供先
092-641-4141
"
"発生","築上郡","ニセ電話詐欺事件","平成２６年１１月上旬ころ","2014-12-03 19:15:55","平成２６年１１月上旬ころ、築上郡の女性宅に総理大臣の弁護士を名乗る男から電話があり「貴方の個人情報が３社に流出して登録されている」「この情報を消すにはお金がかかる」「すぐに消さなければ懲役１５年の刑に問われ、刑務所に入ることになる」「知人や警察に相談すると、警察があなたを逮捕する」「現金は必ず返済する」等と言われ、３回に亘り６８０万円を、自宅に訪れた犯人に手渡し、だまし取られる事件が発生しています。●ストップ！ニセ電話詐欺！電話で「お金」は、すぐ相談！

配信者：福岡県警察本部生活安全総務課
お問い合わせ・情報提供先
092-641-4141
"
"発生","東区唐原五丁目","強制わいせつ事案","１２月４日午前０時ころ","2014-12-04 08:35:46","１２月４日午前０時ころ、東区唐原五丁目付近で、徒歩通行中の女性が、男から体を触られる事案が発生しました。男は、年齢３０歳〜４０歳くらい、身長１６０ｃｍくらい、やせ型、黒色首までの長さの髪、黒色ダウンジャケット、青色ジーパン、メガネを着用しています。●暗い道での一人歩きは避ける。●身の危険を感じたら大声を出し、すぐに１１０番通報する。●防犯ブザーを活用するなどしましょう。

配信者：東警察署
お問い合わせ・情報提供先
092-643-0110
"
"発生","博多区内","ニセ電話詐欺事件","１１月１０日午後７時ころ","2014-12-04 13:43:46","１１月１０日午後７時ころ、博多区内の女性宅に、「老人ホームができるので入所しないか」と勧誘の電話があり、断ったところ、翌日「ある男性が昨日話した老人ホームの権利を買うため３，０００万円を振り込んでいる」と言われた。さらに、弁護士と名乗る者から、「あなたは名義貸しをしている。和解金を送金して欲しい。」などと言葉巧みに誘われて現金２００万円をだまし取られる詐欺事件が発生しました。●ゆうパック等で現金を送ることは禁止されています。●少しでも不安に感じたときは警察に相談しましょう。

配信者：博多警察署
お問い合わせ・情報提供先
092-412-0110
"
"発生","博多区住吉２丁目","公然わいせつ事案","１２月５日午後１１時ころ","2014-12-06 08:52:38","１２月５日午後１１時ころ、博多区住吉２丁目で、徒歩で通行中の女性に、男が下半身を見せる事案が発生しました。犯人は、年齢２５歳くらい、身長１７０センチくらい、短髪、黒色ダウンジャケットを着用していました。被害に遭わないためにも●不審者を見たら大声を出す。●すぐに１１０番通報する。●防犯ブザーを活用するなどしましょう。

配信者：博多警察署
お問い合わせ・情報提供先
092-412-0110
"
"発生","門司区","ニセ電話詐欺事件","平成２６年１１月下旬ころ","2014-12-08 19:39:07","平成２６年１１月下旬ころ、北九州市門司区の女性に男から「Ａ社の債券を買うために名前を貸してほしい」と電話があり、これに応じたところ、複数の男から「名義貸しは犯罪だ、お金を払えば新聞に載らないようにする」等と電話で言われ、現金を宅配便で送ったり、取りに来た男に手渡したりして、合計１，２００万円をだまし取られる事件が発生しています。●ストップ！ニセ電話詐欺！電話で「お金」は、すぐ相談！

配信者：福岡県警察本部生活安全総務課
お問い合わせ・情報提供先
092-641-4141
"
"発生","博多区光丘町１丁目","公然わいせつ事案","１２月９日午前３時ころ","2014-12-09 09:56:33","１２月９日午前３時ころ、博多区光丘町１丁目で、通行中の女性に対し、男が下半身を見せる事案が発生しました。犯人は、年齢２０歳位、身長１６０センチ位、黒髪、黒色パーカー、黒色スウェットズボンを着用していました。被害に遭わないためにも、●不審者を見たら大声を出す。●すぐに１１０番通報する。●防犯ブザーを活用するなどしましょう。

配信者：博多警察署
お問い合わせ・情報提供先
092-412-0110
"
"発生","門司区","ニセ電話詐欺事件","平成２６年１２月８日","2014-12-09 18:09:53","平成２６年１２月８日、北九州市門司区の女性に区役所職員を名乗る男から「医療費の払い戻しがある。後ほど銀行から電話がある」と電話があり、その後、銀行職員を名乗る男から「３万７，５００円の払い戻しがあるので、ＡＴＭコーナーに通帳を持って行くように」などと電話で言われ、指示に従ってＡＴＭを操作した結果、４９万円をだまし取られる事件が発生しています。●ストップ！ニセ電話詐欺！電話で「お金」は、すぐ相談！

配信者：福岡県警察本部生活安全総務課
お問い合わせ・情報提供先
092-641-4141
"
"発生","東区香住ヶ丘3丁目","公然わいせつ","12月9日午後8時ころ","2014-12-10 08:22:36","12月9日午後8時ころ、東区香住ヶ丘3丁目付近で徒歩通行中の女性に男が下半身を見せるという事案が発生しました。犯人は年齢50〜60歳位、身長160〜170センチ位、痩せ型、ニット帽、眼鏡を着用しています。●防犯ブザーを活用する。●時々後ろを振り返って、警戒していることをアピールするなどしましょう。

配信者：東警察署
お問い合わせ・情報提供先
092-643-0110
"
"発生","博多区千代１丁目","ひったくり","１２月９日午後１１時ころ","2014-12-10 09:49:15","１２月９日午後１１時ころ、博多区千代１丁目で、徒歩で通行中の男性がビジネスバッグをひったくられる事件が発生しました。犯人は、黒色スクーターに乗車した男２名で、黒色ジャンパー、ネックウォーマー、黒色ヘルメットを着用していました。被害に遭わないためにも、●携帯電話を使用しながら歩かない。●バッグは車道側と反対の手に持つ。●時々振り返るなど後方にも気を配りましょう。

配信者：博多警察署
お問い合わせ・情報提供先
092-412-0110
"
"発生","小倉北区","ニセ電話詐欺事件","平成２６年１１月中旬","2014-12-10 12:08:30","平成２６年１１月中旬、小倉北区の女性宅に男から「老人ホームの建設予定があるので投資しないか。名義を貸してくれ」と電話があり、名義貸しを了承したところ、後日、別の男から「名義貸しは犯罪になる。お金を送ってくれれば詐欺にはならない」等と電話があり、相手に指定された住所宛てに宅配便で３００万円を送付し、だまし取られる事件が発生しています。●ストップ！ニセ電話詐欺！電話で「お金」は、すぐ相談！

配信者：福岡県警察本部生活安全総務課
お問い合わせ・情報提供先
092-641-4141
"
"発生","小倉北区","ニセ電話詐欺事件","平成２６年１２月９日","2014-12-11 12:09:56","平成２６年１２月９日、北九州市小倉北区の男性に区役所職員を名乗る男から「医療費の払い戻しがあるが、手続が未了なのですぐに手続をしてほしい。ＡＴＭに行ったら電話をしてほしい」と電話があり、指示に従いＡＴＭを操作した結果、約５０万円をだまし取られる事件が発生しています。●公的機関が還付金を受け取るためにＡＴＭの操作を求めることはありません。●ストップ！ニセ電話詐欺！電話で「お金」は、すぐ相談！

配信者：福岡県警察本部生活安全総務課
お問い合わせ・情報提供先
092-641-4141
"
"発生","早良区原２丁目","公然わいせつ事案","１２月１０日午後６時ころ","2014-12-11 15:57:52","１２月１０日午後６時ころ、早良区原２丁目付近で、男が下半身を露出する事案が発生しました。犯人は、年齢５０歳位、身長１７０センチ位、ぽっちゃり型で、黒色ニット帽、灰色の上着を着用し、徒歩で逃走しました。●危険を感じたら、大声を出しましょう。●防犯ブザーを活用しましょう。

配信者：早良警察署
お問い合わせ・情報提供先
092-847-0110
"
"発生","東区香椎台３丁目","痴漢","１２月１１日午後１１時ころ","2014-12-12 08:26:12","１２月１１日午後１１時ころ、東区香椎台３丁目付近で、通行中の女性が、バイクに乗った被疑者に、追い越しざまに臀部を触られる事案が発生しました。犯人は、黒っぽい服装で、黒っぽい原付バイクを使用しています。●深夜の１人歩きは避ける。●防犯ブザーを活用するなどしましょう。

配信者：東警察署
お問い合わせ・情報提供先
092-643-0110
"
"発生","中央区春吉１丁目","強盗事件","１２月１２月午前１時ころ","2014-12-12 09:06:08","１２月１２月午前１時ころ、中央区春吉１丁目で刃物様の物を使用した強盗事件が発生しました。犯人は、年齢３０代の男１名で、身長１７０センチくらい、やせ型、黒色ジャージ上下、白色マスク、黒色ニット帽を着用していました。目撃情報等あれば情報提供をお願いします。

配信者：中央警察署
お問い合わせ・情報提供先
092-734-0110
"
"発生","西区","不審電話","１２月１２日の午前中","2014-12-12 15:26:22","１２月１２日の午前中に、西区に住む男性の自宅に、福岡県警察の警察官を名乗る者から、「貴方の情報が漏れています。資産をとられないように銀行の預金を全て引き出してください。」という内容の電話がありました。●警察官が、預金を引き出すように勧める電話をすることはありません。●不審な電話があった場合は、家族や警察に相談しましょう。●身近な高齢者に「詐欺の被害に気をつけて」等の呼びかけをお願いします。

配信者：西警察署
お問い合わせ・情報提供先
092-805-6110
"
"発生","中央区内","ニセ電話詐欺未遂事件","１２月１２日午後２時ころ","2014-12-12 18:02:55","　１２月１２日午後２時ころ、中央区内の男性宅に区役所の職員を装う男から電話があり「今度消費税があがる関係で、還付金がもらえます。」「３時に銀行が閉まるので、それまでにキャッシュカードを持って銀行のＡＴＭに行ってください。銀行に着いたら電話をください。」などと言われ、現金をだまし取られそうになるニセ電話詐欺未遂事件が発生しています。
　男性が銀行のＡＴＭで電話をかけながら操作を行っていたところ、不審に思った銀行員が男性に声をかけたことから、被害は未遂に終わっています。●公的機関が電話でＡＴＭを操作させることは絶対にありません。●不審な電話がかかってきたら、すぐに１１０番をお願いします。

配信者：中央警察署
お問い合わせ・情報提供先
092-734-0110
"
"発生","東区千早2丁目","声かけ事案","12月12日午後5時ころ","2014-12-13 08:26:17","12月12日午後5時ころ、東区千早2丁目付近で、徒歩通行中の女児が、見知らぬ男から「一緒に行こうか。」と声を掛けられる事案が発生しました。声掛けを行った者は年齢は不明、身長１７０cmくらい、黒髪の男性です。●防犯ブザーを活用する。●不審者を見たら大声を出す。●危険を感じたら大声で助けを求め、すぐに110番通報するなどしましょう。

配信者：東警察署
お問い合わせ・情報提供先
092-643-0110
"
"発生","南区清水１丁目","ひったくり","１２月１２日午前０時ころ","2014-12-13 08:44:30","　１２月１２日午前０時ころ、南区清水１丁目付近で、徒歩帰宅中の男性が手に持っていたバッグをひったくられる事件が発生しました。犯人は、黒色バイクに乗った男２名で、色不明のフルフェイスのヘルメットを着用していました。被害に遭わないためにも、●バッグは車道側と反対の方に持つ。●携帯電話を使用しながら歩かない。●時々振り返るなど後方に気を配り、被害に遭った際は犯人の特徴をできるだけ覚え、すぐに１１０番通報して下さい。

配信者：南警察署
お問い合わせ・情報提供先
092-542-0110
"
"発生","南区弥永五丁目","公然わいせつ事案","１２月１３日午後７時３０分ころ","2014-12-14 09:13:10","１２月１３日午後７時３０分ころ、南区弥永五丁目付近で、男が下半身を見せるという事案が発生しました。犯人は、年齢４０〜５０歳位、身長１６０センチ位、黒色キャップ帽、上下黒色の服装の男でした。●不審者を見たら大声を出して逃げる。●犯人の特徴をできるだけ覚えて、すぐに１１０番通報して下さい。

配信者：南警察署
お問い合わせ・情報提供先
092-542-0110
"
"発生","博多区千代4丁目","ひったくり","12月13日午前0時ころ","2014-12-14 11:10:28","　12月13日午前0時ころ、博多区千代4丁目で、自転車で通行中の女性が前かごに入れていたバッグをひったくられる事件が発生しました。犯人は原付バイクに乗った男1名で、やせ型、黒色ジャケット、黒色ヘルメットを着用していました。被害に遭わないためにも、●前かごに荷物を入れる時は防犯ネットを利用する●時々後ろを振り返るなど後方にも気を配りましょう

配信者：博多警察署
お問い合わせ・情報提供先
092-412-0110
"
"発生","早良区有田３丁目路上","痴漢","１２月１５日午後２時ころ","2014-12-15 15:43:32","１２月１５日午後２時ころ、早良区有田３丁目付近路上で、徒歩通行中の女性が、男から体を触られる事件が発生しました。男は、年齢３０歳位で、黒色ダウンジャケット、ジーパンを着用し、自転車に乗車して逃走しました。●危険を感じたら、大声を出しましょう。●防犯ブザーを活用しましょう。

配信者：早良警察署
お問い合わせ・情報提供先
092-847-0110
"
"発生","博多区月隈２丁目","痴漢","１２月１６日午前７時ころ","2014-12-16 08:54:31","１２月１６日午前７時ころ、博多区月隈２丁目で、徒歩で通行中の女性が、徒歩で近づいてきた男から体を触られる事案が発生しました。犯人は、年齢３０歳位、身長１７０センチ位、中肉、黒色ニット帽、黒色ダウンジャケットを着用していまいした。被害に遭わないためにも●不審者を見たら大声を出す。●すぐに１１０番通報する。●防犯ブザーを活用するなどしましょう。

配信者：博多警察署
お問い合わせ・情報提供先
092-412-0110
"
"発生","城南区長尾５丁目路上","ひったくり未遂事案","１２月１５日午後９時ころ","2014-12-16 10:23:53","１２月１５日午後９時ころ、城南区長尾５丁目付近路上で、徒歩通行中の女性がバッグをひったくられそうになる事案が発生しました。犯人は、スクーターに乗った男１名で、２０歳くらい、えんじ色ジャンパー、灰色スウェットズボン、フルフェイスを着用しています。被害に遭わないためにも、●自転車のカゴに荷物を入れる際は、ひったくり防止ネットを張りましょう。●バッグを持つ際は、車道側と反対の方に持ちましょう。●時々振り返るなど後方にも気を配りましょう。

配信者：早良警察署
お問い合わせ・情報提供先
092-847-0110
"
"発生","早良区城西２丁目路上","ひったくり","１２月１８日午後４時ころ","2014-12-18 18:30:11","１２月１８日午後４時ころ、早良区城西２丁目付近路上で、徒歩通行中の女性がバッグをひったくられる事件が発生しました。犯人は、年齢２０〜３０歳位で、黒色ジャンバーを着用し、黒色バイク乗った男１名です。被害に遭わないためにも、●バッグは車道側と反対の方に持つ。●携帯電話を使用しながら歩かない。●時々振り返るなど後方にも気を配りましょう。

配信者：早良警察署
お問い合わせ・情報提供先
092-847-0110

"
"発生","東区箱崎１丁目","ひったくり","１２月１８日午後９時ころ","2014-12-19 08:24:53","１２月１８日午後９時ころ、東区箱崎１丁目で、自転車に乗車し通行中の女性が手提げバッグをひったくられる事件が発生しました。犯人は、原付バイクに乗った男２名です。被害に遭わないためにも、●バッグは車道側と反対の方に持つ。●時々振り返るなど後方にも気を配りましょう。

配信者：東警察署
お問い合わせ・情報提供先
092-643-0110

"
"発生","東区筥松１丁目","ひったくり","１２月１８日午後９時ころ","2014-12-19 08:38:34","１２月１８日午後９時ころ、東区筥松１丁目で、徒歩通行中の女性が手提げバッグをひったくられる事件が発生しました。犯人は、原付バイクに乗った男２名で、１名は黒っぽい服装、もう１名は黒っぽい服装、黒色ニット帽を着用しています。被害に遭わないためにも、●バッグは車道側と反対の方に持つ。●携帯電話を使用しながら歩かない。●時々振り返るなど後方にも気を配りましょう。

配信者：東警察署
お問い合わせ・情報提供先
092-643-0110

"
"発生","太宰府市","ニセ電話詐欺事件","平成２６年１２月上旬","2014-12-19 19:41:00","平成２６年１２月上旬、太宰府市の女性宅に甲社を名乗る男から「太宰府市に乙社の事務所ができ、会員を募集している。あなたには会員になる権利があるが、その権利を譲って欲しい」等と電話があり、その後、乙社を名乗る男が「あなた名義での入金を確認したが、送金方法が違うので、返金するために２００万円が必要」等と言われ、犯人が指定した住所に宅配便で送付したり、口座に振り込んだりして、合計５００万円をだまし取られる事件が発生しました。●ストップ！ニセ電話詐欺！電話で「お金」は、すぐ相談！

配信者：福岡県警察本部生活安全総務課
お問い合わせ・情報提供先
092-641-4141

"
"発生","中央区","ニセ電話詐欺事件","１２月１９日","2014-12-20 13:33:15","１２月１９日、福岡市中央区の女性宅に警察官を名乗る男から電話があり「一人住まいの高齢者を把握している。銀行口座はどこを持っているか」「その銀行は信用できない」等と言われ、その話を信用した女性が銀行で現金を引き出したところ、男から電話で「偽札が入っている可能性がある。今から来る刑事に預けてほしい」と言われ、受け取りに来た男に現金約４８６万円を騙し取られる事件が発生しています。●知らない相手から現金を求められる電話は全てニセ電話詐欺です。すぐに１１０番通報してください。

配信者：福岡県警察本部生活安全総務課
お問い合わせ・情報提供先
092-641-4141

"
"発生","東区名島４丁目","ひったくり","１２月２０日午後１時ころ","2014-12-20 16:18:42","１２月２０日午後１時ころ、東区名島４丁目で、徒歩通行中の女性が、キャリーバックをひったくられる事件が発生しました。犯人は自転車に乗った若者風の男３名で、全員黒っぽい服装をしています。被害に遭わないためにも●バッグは車道側と反対の方に持つ。●時々後方を振り返るなど警戒していることをアピールしましょう。

配信者：東警察署
お問い合わせ・情報提供先
092-643-0110

"
"発生","博多区上呉服町","痴漢","１２月２１日午前１時ころ","2014-12-21 10:40:54","　１２月２１日午前１時ころ、博多区上呉服町で、徒歩で通行中の女性が、接近して来た男から体を触られる事案が発生しました。犯人は、年齢３０歳から４０歳位、身長１７４センチ位、黒色の立てた感じの髪型、中肉、赤色パーカー、青い色ジーパンを着用していました。被害に遭わないためにも、●不審者を見たら大声を出す。●すぐに１１０番通報する。●防犯ブザーを活用するなどしましょう。

配信者：博多警察署
お問い合わせ・情報提供先
092-412-0110

"
"発生","早良区早良５丁目","公然わいせつ事案","１２月２４日午前１０時ころ","2014-12-24 15:36:32","１２月２４日午前１０時ころ、早良区早良５丁目付近で、男が下半身を露出する事案が発生しました。犯人は、年齢４０〜５０歳位、中肉で、ジャンパー、キャップ帽を着用し、徒歩で逃走しました。●危険を感じたら、大声を出しましょう。●防犯ブザーを活用しましょう。

配信者：早良警察署
お問い合わせ・情報提供先
092-847-0110

"
"発生","早良区城西２丁目","ひったくり","１２月２４日午後５時ころ","2014-12-24 18:18:37","１２月２４日午後５時ころ、早良区城西２丁目付近で、女性が自転車の前カゴにバッグを入れて走行中に、バッグをひったくられる事件が発生しました。犯人は、黒色ジャンバーを着用し、バイクに乗った男１名です。被害に遭わないためにも、●自転車のカゴに荷物を入れる際は、ひったくり防止ネットを活用しましょう。●時々振り返るなど後方にも気を配りましょう。

配信者：早良警察署
お問い合わせ・情報提供先
092-847-0110

"
"発生","東区松田１丁目","ひったくり","１２月２５日午前０時ころ","2014-12-25 08:23:37","１２月２５日午前０時ころ、東区松田１丁目で、自転車通行中の女性が手提げバッグをひったくられる事件が発生しました。犯人は、原付バイクに乗った男２名で、１名は中肉、黒っぽい服装、もう１名は茶髪、中肉、黒っぽい服装です。被害に遭わないためにも、●バッグは車道側と反対の方に持つ。●携帯電話を使用しながら歩かない。●時々振り返るなど後方にも気を配りましょう。

配信者：東警察署
お問い合わせ・情報提供先
092-643-0110

"
"発生","西区姪浜駅南２丁目","声かけ事案","１２月２４日午後５時ころ","2014-12-25 09:40:31","１２月２４日午後５時ころ、西区姪浜駅南２丁目付近で、小学生女児が、男から「チョコレートをあげる」と声をかけられる事案が発生しました。男は年齢２０代後半、身長１６５センチくらい、やせ型、白色マスク、黒色サングラス、黒色ニット帽、黒色セーター、黒色ズボンを着用していました。●通学路を必ず通る。●知らない人にはついていかない。●防犯ブザーを持つことなど、お子さんと話し合いましょう。

配信者：西警察署
お問い合わせ・情報提供先
092-805-6110

"
"発生","西区内浜２丁目","暴行事案","１２月２５日午前０時ころ","2014-12-25 09:54:01","１２月２５日午前０時ころ、西区内浜２丁目付近で、通行中の女性が男から首を絞められるなどされた事案が発生しました。犯人は、若い感じの男で、身長１６０センチから１７０センチくらい、中肉、黒色ニット帽、黒色ナイロン製ジャージ上下を着用していました。●携帯電話やヘッドフォンステレオを使用しながら歩かない。●防犯ブザーを活用するなどしましょう。●目撃情報等あれば通報をお願いします。

配信者：西警察署
お問い合わせ・情報提供先
092-805-6110

"
"発生","早良区田村","つきまとい事案","１２月２６日午後５時３０分ころ","2014-12-26 18:46:49","　１２月２６日午後５時３０分ころ、早良区田村付近で、女性が自転車に乗った男から追いかけられる事案が発生しました。男は、年齢不詳、身長１６５〜１７０センチメートル位、中肉、紫色パーカー（フード着用）で、黒色自転車を使用しています。●近くの家や店に逃げ、助けを求める。●危険を感じたら大声を出す。●防犯ブザーを活用するなどしましょう。

配信者：早良警察署
お問い合わせ・情報提供先
092-847-0110

"
"発生","博多区空港前３丁目","ひったくり未遂","１２月２７日午前０時ころ","2014-12-27 10:08:46","　１２月２７日午前０時ころ、博多区空港前３丁目で、徒歩通行中の女性がショルダーバッグをひったくられそうになる事件が発生しました。犯人は、バイクに乗った２人組でした。被害に遭わないためにも、●バッグは車道側と反対の方に持つ。●防犯ブザーを活用する。●時々振り返るなど後方にも気を配りましょう。

配信者：博多警察署
お問い合わせ・情報提供先
092-412-0110

"
"発生","小倉南区","ニセ電話詐欺事件","１１月下旬ころ","2014-12-28 09:04:14","１１月下旬ころ、小倉南区の女性宅にＡ社を名乗る男性から「老人ホームの入居券を送りました。」と電話があり、後日、Ｂ社の弁護士を名乗る男性から電話で「Ａ社があなたの名義で勝手に老人ホームの契約をした。裁判になるのが嫌なら３００万円を支払って債権を買い取るように。」などと言葉巧みに誘い、３回にわたり、合計５７０万円を指定された住所に宅配便で郵送させ、騙し取る詐欺事件が発生しました。●少しでも不安に感じた時には警察に相談しましょう。●身近なご高齢の方などに「詐欺に気をつけて」等の呼びかけをお願いします。

配信者：福岡県警察本部生活安全総務課
お問い合わせ・情報提供先
092-641-4141

"
"発生","博多区吉塚2丁目","ひったくり","12月28日午後10時ころ","2014-12-29 08:49:30","12月28日午後10時ころ、博多区吉塚2丁目で、徒歩で通行中の女性がバックをひったくられる事件が発生しました。犯人は、跨る式のバイクに乗った男2名で、黒っぽい服を着用していました。被害に遭わないためにも、●バックは車道側と反対の方に待つ。●携帯電話を使用しながら歩かない。●時々振り返るなど後方にも気を配りましょう。

配信者：博多警察署
お問い合わせ・情報提供先
092-412-0110

"
"発生","糟屋郡","ニセ電話詐欺","１２月２９日午前１０時ころ","2014-12-30 08:58:15","１２月２９日午前１０時ころ、糟屋郡の女性宅に役場の職員を装う男から「税金の払い戻しがある。今日中に手続きをすればお金が戻ってくる。」と電話があり、その後、役場から委託を受けたという男から電話で「ＡＴＭのあるコンビニエンスストアへ行き手続きをしてくれ」と言葉巧みに誘われ、ＡＴＭで現金９９８，１２５円を振り込み、だまし取られる詐欺事件が発生しました。●ＡＴＭを操作してお金が戻ってくることは絶対にありません。●身近なご高齢の方などに「詐欺に気をつけて」等の呼びかけをお願いします。

配信者：福岡県警察本部生活安全総務課
お問い合わせ・情報提供先
092-641-4141

"
"発生","南区野多目２丁目","公然わいせつ事案","１２月３１日午前１時ころ","2014-12-31 08:43:34","　１２月３１日午前１時ころ、南区野多目２丁目付近の路上で、男が徒歩帰宅中の女性に、下半身を見せるという事案が発生しました。犯人は、年齢５０歳代、身長１６５センチ位、小太り、黒縁眼鏡、黒色ジャケットを着用していました。●不審者を見たら大声を出す。●目撃した際は、犯人の特徴をできるだけ覚えてすぐに１１０番通報しましょう。

配信者：南警察署
お問い合わせ・情報提供先
092-542-0110

"
